{"cameraMode":{"drawMode":0,"name":"Shaded","section":"Shading Mode"},"sceneLighting":true,"audioPlay":false,"sceneViewState":{"showFog":true,"showMaterialUpdate":false,"showSkybox":true,"showFlares":true,"showImageEffects":true,"showParticleSystems":true},"in2DMode":false,"pivot":{"x":-0.16940554976463319,"y":-0.08331042528152466,"z":-0.05962516367435455},"rotation":{"x":-0.6079616546630859,"y":0.07871469855308533,"z":-0.060752321034669879,"w":-0.7877158522605896},"size":0.36970555782318118,"orthographic":false}